case_number,source,source_date_end
23-000035,dv_final_enriched.csv,2025-10-29
23-000077,dv_final_enriched.csv,2025-10-29
23-000169,dv_final_enriched.csv,2025-10-29
23-000518,dv_final_enriched.csv,2025-10-29
23-000562,dv_final_enriched.csv,2025-10-29
23-001176,dv_final_enriched.csv,2025-10-29
23-001799,dv_final_enriched.csv,2025-10-29
23-001873,dv_final_enriched.csv,2025-10-29
23-001972,dv_final_enriched.csv,2025-10-29
23-002103,dv_final_enriched.csv,2025-10-29
23-002213,dv_final_enriched.csv,2025-10-29
23-002527,dv_final_enriched.csv,2025-10-29
23-003062,dv_final_enriched.csv,2025-10-29
23-003590,dv_final_enriched.csv,2025-10-29
23-003666,dv_final_enriched.csv,2025-10-29
23-003830,dv_final_enriched.csv,2025-10-29
23-004312,dv_final_enriched.csv,2025-10-29
23-004711,dv_final_enriched.csv,2025-10-29
23-004734,dv_final_enriched.csv,2025-10-29
23-004741,dv_final_enriched.csv,2025-10-29
23-006788,dv_final_enriched.csv,2025-10-29
23-006813,dv_final_enriched.csv,2025-10-29
23-007331,dv_final_enriched.csv,2025-10-29
23-007454,dv_final_enriched.csv,2025-10-29
23-007541,dv_final_enriched.csv,2025-10-29
23-009586,dv_final_enriched.csv,2025-10-29
23-009763,dv_final_enriched.csv,2025-10-29
23-010146,dv_final_enriched.csv,2025-10-29
23-010304,dv_final_enriched.csv,2025-10-29
23-010570,dv_final_enriched.csv,2025-10-29
23-010586,dv_final_enriched.csv,2025-10-29
23-010965,dv_final_enriched.csv,2025-10-29
23-011243,dv_final_enriched.csv,2025-10-29
23-011335,dv_final_enriched.csv,2025-10-29
23-011956,dv_final_enriched.csv,2025-10-29
23-012143,dv_final_enriched.csv,2025-10-29
23-013322,dv_final_enriched.csv,2025-10-29
23-013624,dv_final_enriched.csv,2025-10-29
23-014001,dv_final_enriched.csv,2025-10-29
23-014235,dv_final_enriched.csv,2025-10-29
23-014410,dv_final_enriched.csv,2025-10-29
23-014459,dv_final_enriched.csv,2025-10-29
23-014545,dv_final_enriched.csv,2025-10-29
23-014576,dv_final_enriched.csv,2025-10-29
23-014603,dv_final_enriched.csv,2025-10-29
23-014763,dv_final_enriched.csv,2025-10-29
23-015099,dv_final_enriched.csv,2025-10-29
23-015181,dv_final_enriched.csv,2025-10-29
23-015398,dv_final_enriched.csv,2025-10-29
23-015836,dv_final_enriched.csv,2025-10-29
23-015973,dv_final_enriched.csv,2025-10-29
23-016162,dv_final_enriched.csv,2025-10-29
23-016288,dv_final_enriched.csv,2025-10-29
23-016357,dv_final_enriched.csv,2025-10-29
23-016460,dv_final_enriched.csv,2025-10-29
23-016651,dv_final_enriched.csv,2025-10-29
23-016899,dv_final_enriched.csv,2025-10-29
23-017383,dv_final_enriched.csv,2025-10-29
23-017511,dv_final_enriched.csv,2025-10-29
23-017612,dv_final_enriched.csv,2025-10-29
23-017645,dv_final_enriched.csv,2025-10-29
23-018305,dv_final_enriched.csv,2025-10-29
23-018717,dv_final_enriched.csv,2025-10-29
23-018761,dv_final_enriched.csv,2025-10-29
23-018777,dv_final_enriched.csv,2025-10-29
23-018782,dv_final_enriched.csv,2025-10-29
23-018889,dv_final_enriched.csv,2025-10-29
23-018906,dv_final_enriched.csv,2025-10-29
23-019262,dv_final_enriched.csv,2025-10-29
23-020897,dv_final_enriched.csv,2025-10-29
23-020903,dv_final_enriched.csv,2025-10-29
23-021135,dv_final_enriched.csv,2025-10-29
23-021149,dv_final_enriched.csv,2025-10-29
23-021241,dv_final_enriched.csv,2025-10-29
23-021689,dv_final_enriched.csv,2025-10-29
23-022713,dv_final_enriched.csv,2025-10-29
23-022734,dv_final_enriched.csv,2025-10-29
23-022864,dv_final_enriched.csv,2025-10-29
23-023080,dv_final_enriched.csv,2025-10-29
23-023238,dv_final_enriched.csv,2025-10-29
23-023781,dv_final_enriched.csv,2025-10-29
23-024368,dv_final_enriched.csv,2025-10-29
23-024386,dv_final_enriched.csv,2025-10-29
23-025024,dv_final_enriched.csv,2025-10-29
23-025036,dv_final_enriched.csv,2025-10-29
23-025390,dv_final_enriched.csv,2025-10-29
23-025584,dv_final_enriched.csv,2025-10-29
23-025802,dv_final_enriched.csv,2025-10-29
23-025804,dv_final_enriched.csv,2025-10-29
23-025839,dv_final_enriched.csv,2025-10-29
23-026607,dv_final_enriched.csv,2025-10-29
23-027053,dv_final_enriched.csv,2025-10-29
23-027394,dv_final_enriched.csv,2025-10-29
23-027719,dv_final_enriched.csv,2025-10-29
23-027900,dv_final_enriched.csv,2025-10-29
23-027970,dv_final_enriched.csv,2025-10-29
23-028138,dv_final_enriched.csv,2025-10-29
23-028251,dv_final_enriched.csv,2025-10-29
23-028398,dv_final_enriched.csv,2025-10-29
23-028533,dv_final_enriched.csv,2025-10-29
23-029690,dv_final_enriched.csv,2025-10-29
23-030128,dv_final_enriched.csv,2025-10-29
23-030469,dv_final_enriched.csv,2025-10-29
23-030556,dv_final_enriched.csv,2025-10-29
23-030771,dv_final_enriched.csv,2025-10-29
23-030951,dv_final_enriched.csv,2025-10-29
23-031232,dv_final_enriched.csv,2025-10-29
23-031306,dv_final_enriched.csv,2025-10-29
23-031567,dv_final_enriched.csv,2025-10-29
23-032274,dv_final_enriched.csv,2025-10-29
23-033080,dv_final_enriched.csv,2025-10-29
23-033204,dv_final_enriched.csv,2025-10-29
23-033896,dv_final_enriched.csv,2025-10-29
23-034057,dv_final_enriched.csv,2025-10-29
23-034163,dv_final_enriched.csv,2025-10-29
23-034349,dv_final_enriched.csv,2025-10-29
23-035036,dv_final_enriched.csv,2025-10-29
23-035063,dv_final_enriched.csv,2025-10-29
23-035981,dv_final_enriched.csv,2025-10-29
23-036301,dv_final_enriched.csv,2025-10-29
23-036821,dv_final_enriched.csv,2025-10-29
23-037053,dv_final_enriched.csv,2025-10-29
23-037186,dv_final_enriched.csv,2025-10-29
23-037203,dv_final_enriched.csv,2025-10-29
23-037480,dv_final_enriched.csv,2025-10-29
23-037502,dv_final_enriched.csv,2025-10-29
23-037610,dv_final_enriched.csv,2025-10-29
23-038242,dv_final_enriched.csv,2025-10-29
23-038516,dv_final_enriched.csv,2025-10-29
23-038605,dv_final_enriched.csv,2025-10-29
23-039213,dv_final_enriched.csv,2025-10-29
23-039315,dv_final_enriched.csv,2025-10-29
23-039371,dv_final_enriched.csv,2025-10-29
23-039659,dv_final_enriched.csv,2025-10-29
23-040051,dv_final_enriched.csv,2025-10-29
23-040522,dv_final_enriched.csv,2025-10-29
23-040813,dv_final_enriched.csv,2025-10-29
23-041185,dv_final_enriched.csv,2025-10-29
23-041884,dv_final_enriched.csv,2025-10-29
23-042012,dv_final_enriched.csv,2025-10-29
23-042123,dv_final_enriched.csv,2025-10-29
23-042785,dv_final_enriched.csv,2025-10-29
23-043071,dv_final_enriched.csv,2025-10-29
23-043475,dv_final_enriched.csv,2025-10-29
23-043712,dv_final_enriched.csv,2025-10-29
23-043825,dv_final_enriched.csv,2025-10-29
23-043965,dv_final_enriched.csv,2025-10-29
23-044068,dv_final_enriched.csv,2025-10-29
23-044381,dv_final_enriched.csv,2025-10-29
23-045158,dv_final_enriched.csv,2025-10-29
23-045248,dv_final_enriched.csv,2025-10-29
23-045370,dv_final_enriched.csv,2025-10-29
23-045761,dv_final_enriched.csv,2025-10-29
23-045981,dv_final_enriched.csv,2025-10-29
23-045997,dv_final_enriched.csv,2025-10-29
23-046075,dv_final_enriched.csv,2025-10-29
23-046479,dv_final_enriched.csv,2025-10-29
23-047085,dv_final_enriched.csv,2025-10-29
23-047200,dv_final_enriched.csv,2025-10-29
23-048118,dv_final_enriched.csv,2025-10-29
23-048620,dv_final_enriched.csv,2025-10-29
23-048871,dv_final_enriched.csv,2025-10-29
23-048946,dv_final_enriched.csv,2025-10-29
23-049484,dv_final_enriched.csv,2025-10-29
23-049519,dv_final_enriched.csv,2025-10-29
23-049815,dv_final_enriched.csv,2025-10-29
23-049889,dv_final_enriched.csv,2025-10-29
23-049928,dv_final_enriched.csv,2025-10-29
23-050051,dv_final_enriched.csv,2025-10-29
23-050239,dv_final_enriched.csv,2025-10-29
23-050477,dv_final_enriched.csv,2025-10-29
23-050778,dv_final_enriched.csv,2025-10-29
23-050994,dv_final_enriched.csv,2025-10-29
23-050998,dv_final_enriched.csv,2025-10-29
23-051138,dv_final_enriched.csv,2025-10-29
23-051251,dv_final_enriched.csv,2025-10-29
23-051400,dv_final_enriched.csv,2025-10-29
23-051440,dv_final_enriched.csv,2025-10-29
23-051610,dv_final_enriched.csv,2025-10-29
23-051718,dv_final_enriched.csv,2025-10-29
23-051741,dv_final_enriched.csv,2025-10-29
23-051995,dv_final_enriched.csv,2025-10-29
23-052401,dv_final_enriched.csv,2025-10-29
23-052407,dv_final_enriched.csv,2025-10-29
23-052713,dv_final_enriched.csv,2025-10-29
23-052738,dv_final_enriched.csv,2025-10-29
23-052803,dv_final_enriched.csv,2025-10-29
23-053034,dv_final_enriched.csv,2025-10-29
23-053076,dv_final_enriched.csv,2025-10-29
23-053145,dv_final_enriched.csv,2025-10-29
23-053610,dv_final_enriched.csv,2025-10-29
23-054147,dv_final_enriched.csv,2025-10-29
23-054175,dv_final_enriched.csv,2025-10-29
23-054238,dv_final_enriched.csv,2025-10-29
23-054513,dv_final_enriched.csv,2025-10-29
23-054572,dv_final_enriched.csv,2025-10-29
23-054938,dv_final_enriched.csv,2025-10-29
23-055115,dv_final_enriched.csv,2025-10-29
23-055480,dv_final_enriched.csv,2025-10-29
23-055556,dv_final_enriched.csv,2025-10-29
23-055623,dv_final_enriched.csv,2025-10-29
23-055656,dv_final_enriched.csv,2025-10-29
23-056107,dv_final_enriched.csv,2025-10-29
23-057088,dv_final_enriched.csv,2025-10-29
23-057289,dv_final_enriched.csv,2025-10-29
23-057320,dv_final_enriched.csv,2025-10-29
23-057786,dv_final_enriched.csv,2025-10-29
23-058215,dv_final_enriched.csv,2025-10-29
23-058344,dv_final_enriched.csv,2025-10-29
23-058818,dv_final_enriched.csv,2025-10-29
23-059262,dv_final_enriched.csv,2025-10-29
23-059475,dv_final_enriched.csv,2025-10-29
23-060934,dv_final_enriched.csv,2025-10-29
23-062413,dv_final_enriched.csv,2025-10-29
23-062620,dv_final_enriched.csv,2025-10-29
23-062922,dv_final_enriched.csv,2025-10-29
23-063470,dv_final_enriched.csv,2025-10-29
23-063590,dv_final_enriched.csv,2025-10-29
23-063774,dv_final_enriched.csv,2025-10-29
23-064327,dv_final_enriched.csv,2025-10-29
23-064601,dv_final_enriched.csv,2025-10-29
23-065173,dv_final_enriched.csv,2025-10-29
23-065401,dv_final_enriched.csv,2025-10-29
23-065983,dv_final_enriched.csv,2025-10-29
23-066105,dv_final_enriched.csv,2025-10-29
23-066225,dv_final_enriched.csv,2025-10-29
23-066836,dv_final_enriched.csv,2025-10-29
23-066863,dv_final_enriched.csv,2025-10-29
23-067005,dv_final_enriched.csv,2025-10-29
23-067072,dv_final_enriched.csv,2025-10-29
23-067189,dv_final_enriched.csv,2025-10-29
23-067280,dv_final_enriched.csv,2025-10-29
23-067284,dv_final_enriched.csv,2025-10-29
23-067533,dv_final_enriched.csv,2025-10-29
23-067856,dv_final_enriched.csv,2025-10-29
23-067923,dv_final_enriched.csv,2025-10-29
23-068112,dv_final_enriched.csv,2025-10-29
23-068234,dv_final_enriched.csv,2025-10-29
23-069243,dv_final_enriched.csv,2025-10-29
23-069291,dv_final_enriched.csv,2025-10-29
23-069430,dv_final_enriched.csv,2025-10-29
23-069589,dv_final_enriched.csv,2025-10-29
23-069600,dv_final_enriched.csv,2025-10-29
23-070133,dv_final_enriched.csv,2025-10-29
23-070512,dv_final_enriched.csv,2025-10-29
23-071147,dv_final_enriched.csv,2025-10-29
23-071267,dv_final_enriched.csv,2025-10-29
23-071278,dv_final_enriched.csv,2025-10-29
23-071352,dv_final_enriched.csv,2025-10-29
23-071537,dv_final_enriched.csv,2025-10-29
23-072013,dv_final_enriched.csv,2025-10-29
23-072482,dv_final_enriched.csv,2025-10-29
23-072779,dv_final_enriched.csv,2025-10-29
23-073055,dv_final_enriched.csv,2025-10-29
23-073246,dv_final_enriched.csv,2025-10-29
23-073492,dv_final_enriched.csv,2025-10-29
23-074401,dv_final_enriched.csv,2025-10-29
23-074519,dv_final_enriched.csv,2025-10-29
23-074685,dv_final_enriched.csv,2025-10-29
23-074920,dv_final_enriched.csv,2025-10-29
23-075324,dv_final_enriched.csv,2025-10-29
23-075549,dv_final_enriched.csv,2025-10-29
23-075645,dv_final_enriched.csv,2025-10-29
23-075873,dv_final_enriched.csv,2025-10-29
23-076271,dv_final_enriched.csv,2025-10-29
23-076279,dv_final_enriched.csv,2025-10-29
23-076326,dv_final_enriched.csv,2025-10-29
23-076442,dv_final_enriched.csv,2025-10-29
23-076649,dv_final_enriched.csv,2025-10-29
23-076686,dv_final_enriched.csv,2025-10-29
23-076998,dv_final_enriched.csv,2025-10-29
23-077454,dv_final_enriched.csv,2025-10-29
23-077555,dv_final_enriched.csv,2025-10-29
23-077575,dv_final_enriched.csv,2025-10-29
23-077716,dv_final_enriched.csv,2025-10-29
23-077822,dv_final_enriched.csv,2025-10-29
23-078389,dv_final_enriched.csv,2025-10-29
23-078583,dv_final_enriched.csv,2025-10-29
23-079331,dv_final_enriched.csv,2025-10-29
23-079846,dv_final_enriched.csv,2025-10-29
23-079965,dv_final_enriched.csv,2025-10-29
23-080050,dv_final_enriched.csv,2025-10-29
23-080463,dv_final_enriched.csv,2025-10-29
23-080773,dv_final_enriched.csv,2025-10-29
23-081107,dv_final_enriched.csv,2025-10-29
23-081299,dv_final_enriched.csv,2025-10-29
23-081804,dv_final_enriched.csv,2025-10-29
23-081820,dv_final_enriched.csv,2025-10-29
23-081891,dv_final_enriched.csv,2025-10-29
23-082012,dv_final_enriched.csv,2025-10-29
23-082352,dv_final_enriched.csv,2025-10-29
23-082468,dv_final_enriched.csv,2025-10-29
23-082904,dv_final_enriched.csv,2025-10-29
23-084058,dv_final_enriched.csv,2025-10-29
23-084442,dv_final_enriched.csv,2025-10-29
23-084458,dv_final_enriched.csv,2025-10-29
23-084702,dv_final_enriched.csv,2025-10-29
23-084798,dv_final_enriched.csv,2025-10-29
23-086744,dv_final_enriched.csv,2025-10-29
23-086808,dv_final_enriched.csv,2025-10-29
23-086852,dv_final_enriched.csv,2025-10-29
23-086955,dv_final_enriched.csv,2025-10-29
23-086959,dv_final_enriched.csv,2025-10-29
23-086998,dv_final_enriched.csv,2025-10-29
23-087117,dv_final_enriched.csv,2025-10-29
23-087463,dv_final_enriched.csv,2025-10-29
23-087588,dv_final_enriched.csv,2025-10-29
23-087706,dv_final_enriched.csv,2025-10-29
23-088249,dv_final_enriched.csv,2025-10-29
23-088659,dv_final_enriched.csv,2025-10-29
23-088902,dv_final_enriched.csv,2025-10-29
23-089010,dv_final_enriched.csv,2025-10-29
23-089426,dv_final_enriched.csv,2025-10-29
23-089567,dv_final_enriched.csv,2025-10-29
23-089798,dv_final_enriched.csv,2025-10-29
23-089903,dv_final_enriched.csv,2025-10-29
23-090119,dv_final_enriched.csv,2025-10-29
23-090228,dv_final_enriched.csv,2025-10-29
23-090457,dv_final_enriched.csv,2025-10-29
23-090478,dv_final_enriched.csv,2025-10-29
23-090909,dv_final_enriched.csv,2025-10-29
23-091005,dv_final_enriched.csv,2025-10-29
23-091006,dv_final_enriched.csv,2025-10-29
23-091578,dv_final_enriched.csv,2025-10-29
23-091686,dv_final_enriched.csv,2025-10-29
23-091707,dv_final_enriched.csv,2025-10-29
23-091849,dv_final_enriched.csv,2025-10-29
23-092185,dv_final_enriched.csv,2025-10-29
23-092574,dv_final_enriched.csv,2025-10-29
23-092727,dv_final_enriched.csv,2025-10-29
23-092868,dv_final_enriched.csv,2025-10-29
23-093015,dv_final_enriched.csv,2025-10-29
23-093137,dv_final_enriched.csv,2025-10-29
23-093696,dv_final_enriched.csv,2025-10-29
23-094262,dv_final_enriched.csv,2025-10-29
23-094303,dv_final_enriched.csv,2025-10-29
23-094396,dv_final_enriched.csv,2025-10-29
23-095411,dv_final_enriched.csv,2025-10-29
23-095447,dv_final_enriched.csv,2025-10-29
23-095506,dv_final_enriched.csv,2025-10-29
23-096227,dv_final_enriched.csv,2025-10-29
23-096445,dv_final_enriched.csv,2025-10-29
23-096497,dv_final_enriched.csv,2025-10-29
23-096766,dv_final_enriched.csv,2025-10-29
23-097374,dv_final_enriched.csv,2025-10-29
23-097382,dv_final_enriched.csv,2025-10-29
23-097796,dv_final_enriched.csv,2025-10-29
23-097885,dv_final_enriched.csv,2025-10-29
23-098036,dv_final_enriched.csv,2025-10-29
23-098146,dv_final_enriched.csv,2025-10-29
23-098326,dv_final_enriched.csv,2025-10-29
23-098408,dv_final_enriched.csv,2025-10-29
23-098788,dv_final_enriched.csv,2025-10-29
23-099168,dv_final_enriched.csv,2025-10-29
23-099246,dv_final_enriched.csv,2025-10-29
23-100097,dv_final_enriched.csv,2025-10-29
23-100173,dv_final_enriched.csv,2025-10-29
23-100421,dv_final_enriched.csv,2025-10-29
23-100446,dv_final_enriched.csv,2025-10-29
23-100447,dv_final_enriched.csv,2025-10-29
23-100449,dv_final_enriched.csv,2025-10-29
23-100746,dv_final_enriched.csv,2025-10-29
23-100842,dv_final_enriched.csv,2025-10-29
23-100948,dv_final_enriched.csv,2025-10-29
23-101297,dv_final_enriched.csv,2025-10-29
23-101518,dv_final_enriched.csv,2025-10-29
23-102058,dv_final_enriched.csv,2025-10-29
23-102557,dv_final_enriched.csv,2025-10-29
23-102686,dv_final_enriched.csv,2025-10-29
23-102784,dv_final_enriched.csv,2025-10-29
23-102905,dv_final_enriched.csv,2025-10-29
23-103164,dv_final_enriched.csv,2025-10-29
23-103264,dv_final_enriched.csv,2025-10-29
23-103717,dv_final_enriched.csv,2025-10-29
23-103860,dv_final_enriched.csv,2025-10-29
23-104094,dv_final_enriched.csv,2025-10-29
23-104302,dv_final_enriched.csv,2025-10-29
23-104477,dv_final_enriched.csv,2025-10-29
23-104535,dv_final_enriched.csv,2025-10-29
23-104584,dv_final_enriched.csv,2025-10-29
23-104883,dv_final_enriched.csv,2025-10-29
23-104997,dv_final_enriched.csv,2025-10-29
23-105023,dv_final_enriched.csv,2025-10-29
23-105825,dv_final_enriched.csv,2025-10-29
23-106062,dv_final_enriched.csv,2025-10-29
23-106095,dv_final_enriched.csv,2025-10-29
23-106264,dv_final_enriched.csv,2025-10-29
23-106509,dv_final_enriched.csv,2025-10-29
23-106794,dv_final_enriched.csv,2025-10-29
23-106849,dv_final_enriched.csv,2025-10-29
23-106886,dv_final_enriched.csv,2025-10-29
23-107009,dv_final_enriched.csv,2025-10-29
23-107301,dv_final_enriched.csv,2025-10-29
23-107643,dv_final_enriched.csv,2025-10-29
23-107694,dv_final_enriched.csv,2025-10-29
23-107716,dv_final_enriched.csv,2025-10-29
23-107961,dv_final_enriched.csv,2025-10-29
23-108535,dv_final_enriched.csv,2025-10-29
23-108569,dv_final_enriched.csv,2025-10-29
23-108610,dv_final_enriched.csv,2025-10-29
23-108648,dv_final_enriched.csv,2025-10-29
23-108687,dv_final_enriched.csv,2025-10-29
23-108981,dv_final_enriched.csv,2025-10-29
23-109287,dv_final_enriched.csv,2025-10-29
23-109481,dv_final_enriched.csv,2025-10-29
23-109556,dv_final_enriched.csv,2025-10-29
23-109896,dv_final_enriched.csv,2025-10-29
23-109921,dv_final_enriched.csv,2025-10-29
23-110145,dv_final_enriched.csv,2025-10-29
23-110164,dv_final_enriched.csv,2025-10-29
23-110280,dv_final_enriched.csv,2025-10-29
23-110917,dv_final_enriched.csv,2025-10-29
23-111298,dv_final_enriched.csv,2025-10-29
23-111670,dv_final_enriched.csv,2025-10-29
23-111900,dv_final_enriched.csv,2025-10-29
23-111910,dv_final_enriched.csv,2025-10-29
23-112101,dv_final_enriched.csv,2025-10-29
23-112298,dv_final_enriched.csv,2025-10-29
23-112613,dv_final_enriched.csv,2025-10-29
23-112679,dv_final_enriched.csv,2025-10-29
23-112702,dv_final_enriched.csv,2025-10-29
23-112978,dv_final_enriched.csv,2025-10-29
23-113003,dv_final_enriched.csv,2025-10-29
24-000226,dv_final_enriched.csv,2025-10-29
24-000402,dv_final_enriched.csv,2025-10-29
24-000578,dv_final_enriched.csv,2025-10-29
24-001342,dv_final_enriched.csv,2025-10-29
24-001753,dv_final_enriched.csv,2025-10-29
24-002953,dv_final_enriched.csv,2025-10-29
24-003164,dv_final_enriched.csv,2025-10-29
24-003194,dv_final_enriched.csv,2025-10-29
24-003276,dv_final_enriched.csv,2025-10-29
24-003763,dv_final_enriched.csv,2025-10-29
24-003938,dv_final_enriched.csv,2025-10-29
24-003963,dv_final_enriched.csv,2025-10-29
24-003995,dv_final_enriched.csv,2025-10-29
24-004033,dv_final_enriched.csv,2025-10-29
24-004344,dv_final_enriched.csv,2025-10-29
24-004774,dv_final_enriched.csv,2025-10-29
24-005106,dv_final_enriched.csv,2025-10-29
24-005173,dv_final_enriched.csv,2025-10-29
24-005505,dv_final_enriched.csv,2025-10-29
24-005653,dv_final_enriched.csv,2025-10-29
24-005672,dv_final_enriched.csv,2025-10-29
24-006040,dv_final_enriched.csv,2025-10-29
24-006194,dv_final_enriched.csv,2025-10-29
24-006582,dv_final_enriched.csv,2025-10-29
24-006625,dv_final_enriched.csv,2025-10-29
24-006652,dv_final_enriched.csv,2025-10-29
24-006724,dv_final_enriched.csv,2025-10-29
24-006785,dv_final_enriched.csv,2025-10-29
24-006895,dv_final_enriched.csv,2025-10-29
24-008313,dv_final_enriched.csv,2025-10-29
24-008391,dv_final_enriched.csv,2025-10-29
24-008403,dv_final_enriched.csv,2025-10-29
24-008579,dv_final_enriched.csv,2025-10-29
24-008863,dv_final_enriched.csv,2025-10-29
24-009002,dv_final_enriched.csv,2025-10-29
24-009112,dv_final_enriched.csv,2025-10-29
24-009186,dv_final_enriched.csv,2025-10-29
24-009440,dv_final_enriched.csv,2025-10-29
24-011331,dv_final_enriched.csv,2025-10-29
24-011392,dv_final_enriched.csv,2025-10-29
24-011818,dv_final_enriched.csv,2025-10-29
24-011844,dv_final_enriched.csv,2025-10-29
24-012136,dv_final_enriched.csv,2025-10-29
24-012189,dv_final_enriched.csv,2025-10-29
24-012520,dv_final_enriched.csv,2025-10-29
24-012650,dv_final_enriched.csv,2025-10-29
24-012812,dv_final_enriched.csv,2025-10-29
24-013033,dv_final_enriched.csv,2025-10-29
24-013081,dv_final_enriched.csv,2025-10-29
24-013250,dv_final_enriched.csv,2025-10-29
24-013327,dv_final_enriched.csv,2025-10-29
24-013343,dv_final_enriched.csv,2025-10-29
24-013628,dv_final_enriched.csv,2025-10-29
24-013651,dv_final_enriched.csv,2025-10-29
24-013862,dv_final_enriched.csv,2025-10-29
24-014263,dv_final_enriched.csv,2025-10-29
24-014517,dv_final_enriched.csv,2025-10-29
24-015245,dv_final_enriched.csv,2025-10-29
24-015501,dv_final_enriched.csv,2025-10-29
24-015619,dv_final_enriched.csv,2025-10-29
24-015785,dv_final_enriched.csv,2025-10-29
24-015801,dv_final_enriched.csv,2025-10-29
24-015979,dv_final_enriched.csv,2025-10-29
24-016431,dv_final_enriched.csv,2025-10-29
24-016571,dv_final_enriched.csv,2025-10-29
24-017174,dv_final_enriched.csv,2025-10-29
24-017344,dv_final_enriched.csv,2025-10-29
24-017553,dv_final_enriched.csv,2025-10-29
24-017621,dv_final_enriched.csv,2025-10-29
24-017801,dv_final_enriched.csv,2025-10-29
24-018205,dv_final_enriched.csv,2025-10-29
24-018228,dv_final_enriched.csv,2025-10-29
24-018375,dv_final_enriched.csv,2025-10-29
24-018436,dv_final_enriched.csv,2025-10-29
24-019098,dv_final_enriched.csv,2025-10-29
24-019126,dv_final_enriched.csv,2025-10-29
24-019192,dv_final_enriched.csv,2025-10-29
24-019206,dv_final_enriched.csv,2025-10-29
24-019396,dv_final_enriched.csv,2025-10-29
24-019477,dv_final_enriched.csv,2025-10-29
24-019529,dv_final_enriched.csv,2025-10-29
24-020031,dv_final_enriched.csv,2025-10-29
24-021239,dv_final_enriched.csv,2025-10-29
24-021406,dv_final_enriched.csv,2025-10-29
24-021482,dv_final_enriched.csv,2025-10-29
24-021509,dv_final_enriched.csv,2025-10-29
24-021778,dv_final_enriched.csv,2025-10-29
24-022032,dv_final_enriched.csv,2025-10-29
24-022150,dv_final_enriched.csv,2025-10-29
24-022452,dv_final_enriched.csv,2025-10-29
24-022627,dv_final_enriched.csv,2025-10-29
24-022765,dv_final_enriched.csv,2025-10-29
24-022822,dv_final_enriched.csv,2025-10-29
24-022906,dv_final_enriched.csv,2025-10-29
24-023131,dv_final_enriched.csv,2025-10-29
24-023376,dv_final_enriched.csv,2025-10-29
24-023725,dv_final_enriched.csv,2025-10-29
24-024053,dv_final_enriched.csv,2025-10-29
24-024402,dv_final_enriched.csv,2025-10-29
24-024759,dv_final_enriched.csv,2025-10-29
24-025518,dv_final_enriched.csv,2025-10-29
24-025807,dv_final_enriched.csv,2025-10-29
24-025911,dv_final_enriched.csv,2025-10-29
24-026003,dv_final_enriched.csv,2025-10-29
24-026076,dv_final_enriched.csv,2025-10-29
24-026521,dv_final_enriched.csv,2025-10-29
24-026578,dv_final_enriched.csv,2025-10-29
24-027214,dv_final_enriched.csv,2025-10-29
24-027893,dv_final_enriched.csv,2025-10-29
24-028362,dv_final_enriched.csv,2025-10-29
24-028707,dv_final_enriched.csv,2025-10-29
24-029481,dv_final_enriched.csv,2025-10-29
24-029783,dv_final_enriched.csv,2025-10-29
24-029802,dv_final_enriched.csv,2025-10-29
24-029841,dv_final_enriched.csv,2025-10-29
24-029847,dv_final_enriched.csv,2025-10-29
24-029865,dv_final_enriched.csv,2025-10-29
24-029922,dv_final_enriched.csv,2025-10-29
24-030019,dv_final_enriched.csv,2025-10-29
24-030229,dv_final_enriched.csv,2025-10-29
24-030606,dv_final_enriched.csv,2025-10-29
24-030949,dv_final_enriched.csv,2025-10-29
24-031052,dv_final_enriched.csv,2025-10-29
24-031215,dv_final_enriched.csv,2025-10-29
24-031397,dv_final_enriched.csv,2025-10-29
24-031402,dv_final_enriched.csv,2025-10-29
24-031802,dv_final_enriched.csv,2025-10-29
24-032012,dv_final_enriched.csv,2025-10-29
24-032414,dv_final_enriched.csv,2025-10-29
24-032496,dv_final_enriched.csv,2025-10-29
24-032672,dv_final_enriched.csv,2025-10-29
24-032930,dv_final_enriched.csv,2025-10-29
24-033049,dv_final_enriched.csv,2025-10-29
24-033087,dv_final_enriched.csv,2025-10-29
24-033187,dv_final_enriched.csv,2025-10-29
24-033220,dv_final_enriched.csv,2025-10-29
24-033289,dv_final_enriched.csv,2025-10-29
24-033427,dv_final_enriched.csv,2025-10-29
24-033642,dv_final_enriched.csv,2025-10-29
24-033900,dv_final_enriched.csv,2025-10-29
24-034386,dv_final_enriched.csv,2025-10-29
24-034427,dv_final_enriched.csv,2025-10-29
24-034988,dv_final_enriched.csv,2025-10-29
24-035186,dv_final_enriched.csv,2025-10-29
24-035357,dv_final_enriched.csv,2025-10-29
24-035502,dv_final_enriched.csv,2025-10-29
24-035599,dv_final_enriched.csv,2025-10-29
24-035729,dv_final_enriched.csv,2025-10-29
24-035771,dv_final_enriched.csv,2025-10-29
24-036499,dv_final_enriched.csv,2025-10-29
24-036587,dv_final_enriched.csv,2025-10-29
24-036627,dv_final_enriched.csv,2025-10-29
24-036906,dv_final_enriched.csv,2025-10-29
24-037125,dv_final_enriched.csv,2025-10-29
24-037419,dv_final_enriched.csv,2025-10-29
24-037714,dv_final_enriched.csv,2025-10-29
24-037778,dv_final_enriched.csv,2025-10-29
24-037958,dv_final_enriched.csv,2025-10-29
24-037965,dv_final_enriched.csv,2025-10-29
24-038150,dv_final_enriched.csv,2025-10-29
24-038650,dv_final_enriched.csv,2025-10-29
24-038830,dv_final_enriched.csv,2025-10-29
24-039483,dv_final_enriched.csv,2025-10-29
24-040189,dv_final_enriched.csv,2025-10-29
24-040204,dv_final_enriched.csv,2025-10-29
24-040207,dv_final_enriched.csv,2025-10-29
24-040737,dv_final_enriched.csv,2025-10-29
24-040833,dv_final_enriched.csv,2025-10-29
24-040956,dv_final_enriched.csv,2025-10-29
24-041045,dv_final_enriched.csv,2025-10-29
24-041396,dv_final_enriched.csv,2025-10-29
24-041594,dv_final_enriched.csv,2025-10-29
24-041701,dv_final_enriched.csv,2025-10-29
24-041725,dv_final_enriched.csv,2025-10-29
24-041735,dv_final_enriched.csv,2025-10-29
24-041889,dv_final_enriched.csv,2025-10-29
24-041894,dv_final_enriched.csv,2025-10-29
24-041934,dv_final_enriched.csv,2025-10-29
24-042346,dv_final_enriched.csv,2025-10-29
24-042363,dv_final_enriched.csv,2025-10-29
24-042447,dv_final_enriched.csv,2025-10-29
24-043929,dv_final_enriched.csv,2025-10-29
24-043976,dv_final_enriched.csv,2025-10-29
24-044009,dv_final_enriched.csv,2025-10-29
24-044493,dv_final_enriched.csv,2025-10-29
24-044897,dv_final_enriched.csv,2025-10-29
24-045150,dv_final_enriched.csv,2025-10-29
24-045219,dv_final_enriched.csv,2025-10-29
24-045374,dv_final_enriched.csv,2025-10-29
24-045445,dv_final_enriched.csv,2025-10-29
24-045861,dv_final_enriched.csv,2025-10-29
24-045878,dv_final_enriched.csv,2025-10-29
24-045960,dv_final_enriched.csv,2025-10-29
24-046395,dv_final_enriched.csv,2025-10-29
24-047089,dv_final_enriched.csv,2025-10-29
24-047162,dv_final_enriched.csv,2025-10-29
24-047268,dv_final_enriched.csv,2025-10-29
24-047432,dv_final_enriched.csv,2025-10-29
24-047788,dv_final_enriched.csv,2025-10-29
24-047814,dv_final_enriched.csv,2025-10-29
24-047880,dv_final_enriched.csv,2025-10-29
24-047945,dv_final_enriched.csv,2025-10-29
24-048044,dv_final_enriched.csv,2025-10-29
24-048064,dv_final_enriched.csv,2025-10-29
24-048745,dv_final_enriched.csv,2025-10-29
24-048919,dv_final_enriched.csv,2025-10-29
24-049073,dv_final_enriched.csv,2025-10-29
24-049152,dv_final_enriched.csv,2025-10-29
24-049324,dv_final_enriched.csv,2025-10-29
24-049350,dv_final_enriched.csv,2025-10-29
24-049816,dv_final_enriched.csv,2025-10-29
24-050035,dv_final_enriched.csv,2025-10-29
24-050361,dv_final_enriched.csv,2025-10-29
24-050414,dv_final_enriched.csv,2025-10-29
24-050448,dv_final_enriched.csv,2025-10-29
24-050550,dv_final_enriched.csv,2025-10-29
24-050683,dv_final_enriched.csv,2025-10-29
24-050819,dv_final_enriched.csv,2025-10-29
24-050849,dv_final_enriched.csv,2025-10-29
24-050972,dv_final_enriched.csv,2025-10-29
24-050977,dv_final_enriched.csv,2025-10-29
24-051054,dv_final_enriched.csv,2025-10-29
24-051103,dv_final_enriched.csv,2025-10-29
24-051234,dv_final_enriched.csv,2025-10-29
24-051651,dv_final_enriched.csv,2025-10-29
24-051872,dv_final_enriched.csv,2025-10-29
24-051980,dv_final_enriched.csv,2025-10-29
24-051997,dv_final_enriched.csv,2025-10-29
24-052015,dv_final_enriched.csv,2025-10-29
24-052357,dv_final_enriched.csv,2025-10-29
24-052440,dv_final_enriched.csv,2025-10-29
24-053060,dv_final_enriched.csv,2025-10-29
24-053177,dv_final_enriched.csv,2025-10-29
24-053193,dv_final_enriched.csv,2025-10-29
24-053471,dv_final_enriched.csv,2025-10-29
24-053613,dv_final_enriched.csv,2025-10-29
24-053631,dv_final_enriched.csv,2025-10-29
24-053636,dv_final_enriched.csv,2025-10-29
24-053652,dv_final_enriched.csv,2025-10-29
24-053713,dv_final_enriched.csv,2025-10-29
24-053716,dv_final_enriched.csv,2025-10-29
24-053769,dv_final_enriched.csv,2025-10-29
24-053777,dv_final_enriched.csv,2025-10-29
24-053807,dv_final_enriched.csv,2025-10-29
24-053851,dv_final_enriched.csv,2025-10-29
24-053947,dv_final_enriched.csv,2025-10-29
24-054408,dv_final_enriched.csv,2025-10-29
24-054875,dv_final_enriched.csv,2025-10-29
24-054902,dv_final_enriched.csv,2025-10-29
24-055271,dv_final_enriched.csv,2025-10-29
24-055538,dv_final_enriched.csv,2025-10-29
24-055590,dv_final_enriched.csv,2025-10-29
24-055620,dv_final_enriched.csv,2025-10-29
24-055763,dv_final_enriched.csv,2025-10-29
24-055834,dv_final_enriched.csv,2025-10-29
24-056164,dv_final_enriched.csv,2025-10-29
24-056454,dv_final_enriched.csv,2025-10-29
24-056784,dv_final_enriched.csv,2025-10-29
24-057181,dv_final_enriched.csv,2025-10-29
24-057190,dv_final_enriched.csv,2025-10-29
24-057215,dv_final_enriched.csv,2025-10-29
24-057340,dv_final_enriched.csv,2025-10-29
24-057383,dv_final_enriched.csv,2025-10-29
24-057452,dv_final_enriched.csv,2025-10-29
24-057576,dv_final_enriched.csv,2025-10-29
24-057904,dv_final_enriched.csv,2025-10-29
24-058203,dv_final_enriched.csv,2025-10-29
24-058284,dv_final_enriched.csv,2025-10-29
24-058585,dv_final_enriched.csv,2025-10-29
24-058592,dv_final_enriched.csv,2025-10-29
24-059024,dv_final_enriched.csv,2025-10-29
24-059073,dv_final_enriched.csv,2025-10-29
24-059080,dv_final_enriched.csv,2025-10-29
24-059524,dv_final_enriched.csv,2025-10-29
24-059540,dv_final_enriched.csv,2025-10-29
24-059852,dv_final_enriched.csv,2025-10-29
24-059881,dv_final_enriched.csv,2025-10-29
24-059921,dv_final_enriched.csv,2025-10-29
24-060048,dv_final_enriched.csv,2025-10-29
24-060159,dv_final_enriched.csv,2025-10-29
24-060174,dv_final_enriched.csv,2025-10-29
24-060313,dv_final_enriched.csv,2025-10-29
24-060331,dv_final_enriched.csv,2025-10-29
24-060691,dv_final_enriched.csv,2025-10-29
24-061070,dv_final_enriched.csv,2025-10-29
24-061401,dv_final_enriched.csv,2025-10-29
24-061406,dv_final_enriched.csv,2025-10-29
24-061741,dv_final_enriched.csv,2025-10-29
24-061753,dv_final_enriched.csv,2025-10-29
24-061920,dv_final_enriched.csv,2025-10-29
24-061939,dv_final_enriched.csv,2025-10-29
24-062233,dv_final_enriched.csv,2025-10-29
24-062610,dv_final_enriched.csv,2025-10-29
24-062684,dv_final_enriched.csv,2025-10-29
24-062923,dv_final_enriched.csv,2025-10-29
24-063755,dv_final_enriched.csv,2025-10-29
24-063909,dv_final_enriched.csv,2025-10-29
24-064051,dv_final_enriched.csv,2025-10-29
24-064645,dv_final_enriched.csv,2025-10-29
24-064694,dv_final_enriched.csv,2025-10-29
24-064839,dv_final_enriched.csv,2025-10-29
24-064889,dv_final_enriched.csv,2025-10-29
24-065290,dv_final_enriched.csv,2025-10-29
24-065337,dv_final_enriched.csv,2025-10-29
24-065746,dv_final_enriched.csv,2025-10-29
24-065868,dv_final_enriched.csv,2025-10-29
24-066016,dv_final_enriched.csv,2025-10-29
24-066035,dv_final_enriched.csv,2025-10-29
24-066101,dv_final_enriched.csv,2025-10-29
24-066143,dv_final_enriched.csv,2025-10-29
24-066441,dv_final_enriched.csv,2025-10-29
24-066534,dv_final_enriched.csv,2025-10-29
24-066680,dv_final_enriched.csv,2025-10-29
24-067263,dv_final_enriched.csv,2025-10-29
24-067298,dv_final_enriched.csv,2025-10-29
24-067459,dv_final_enriched.csv,2025-10-29
24-067559,dv_final_enriched.csv,2025-10-29
24-068811,dv_final_enriched.csv,2025-10-29
24-069018,dv_final_enriched.csv,2025-10-29
24-069195,dv_final_enriched.csv,2025-10-29
24-069434,dv_final_enriched.csv,2025-10-29
24-069900,dv_final_enriched.csv,2025-10-29
24-069982,dv_final_enriched.csv,2025-10-29
24-070583,dv_final_enriched.csv,2025-10-29
24-071010,dv_final_enriched.csv,2025-10-29
24-071159,dv_final_enriched.csv,2025-10-29
24-071371,dv_final_enriched.csv,2025-10-29
24-071648,dv_final_enriched.csv,2025-10-29
24-072014,dv_final_enriched.csv,2025-10-29
24-072259,dv_final_enriched.csv,2025-10-29
24-072462,dv_final_enriched.csv,2025-10-29
24-072556,dv_final_enriched.csv,2025-10-29
24-072622,dv_final_enriched.csv,2025-10-29
24-072833,dv_final_enriched.csv,2025-10-29
24-073020,dv_final_enriched.csv,2025-10-29
24-073246,dv_final_enriched.csv,2025-10-29
24-073277,dv_final_enriched.csv,2025-10-29
24-073466,dv_final_enriched.csv,2025-10-29
24-073897,dv_final_enriched.csv,2025-10-29
24-074026,dv_final_enriched.csv,2025-10-29
24-074073,dv_final_enriched.csv,2025-10-29
24-074097,dv_final_enriched.csv,2025-10-29
24-074115,dv_final_enriched.csv,2025-10-29
24-074382,dv_final_enriched.csv,2025-10-29
24-074404,dv_final_enriched.csv,2025-10-29
24-074449,dv_final_enriched.csv,2025-10-29
24-074561,dv_final_enriched.csv,2025-10-29
24-074611,dv_final_enriched.csv,2025-10-29
24-074684,dv_final_enriched.csv,2025-10-29
24-074754,dv_final_enriched.csv,2025-10-29
24-074764,dv_final_enriched.csv,2025-10-29
24-075047,dv_final_enriched.csv,2025-10-29
24-075101,dv_final_enriched.csv,2025-10-29
24-075498,dv_final_enriched.csv,2025-10-29
24-075732,dv_final_enriched.csv,2025-10-29
24-076041,dv_final_enriched.csv,2025-10-29
24-076261,dv_final_enriched.csv,2025-10-29
24-076325,dv_final_enriched.csv,2025-10-29
24-076410,dv_final_enriched.csv,2025-10-29
24-076653,dv_final_enriched.csv,2025-10-29
24-076774,dv_final_enriched.csv,2025-10-29
24-076909,dv_final_enriched.csv,2025-10-29
24-076928,dv_final_enriched.csv,2025-10-29
24-076971,dv_final_enriched.csv,2025-10-29
24-077908,dv_final_enriched.csv,2025-10-29
24-078118,dv_final_enriched.csv,2025-10-29
24-078271,dv_final_enriched.csv,2025-10-29
24-078735,dv_final_enriched.csv,2025-10-29
24-078815,dv_final_enriched.csv,2025-10-29
24-079211,dv_final_enriched.csv,2025-10-29
24-079745,dv_final_enriched.csv,2025-10-29
24-080078,dv_final_enriched.csv,2025-10-29
24-080414,dv_final_enriched.csv,2025-10-29
24-080442,dv_final_enriched.csv,2025-10-29
24-080561,dv_final_enriched.csv,2025-10-29
24-080673,dv_final_enriched.csv,2025-10-29
24-080828,dv_final_enriched.csv,2025-10-29
24-081146,dv_final_enriched.csv,2025-10-29
24-081218,dv_final_enriched.csv,2025-10-29
24-081473,dv_final_enriched.csv,2025-10-29
24-081942,dv_final_enriched.csv,2025-10-29
24-082188,dv_final_enriched.csv,2025-10-29
24-082646,dv_final_enriched.csv,2025-10-29
24-082776,dv_final_enriched.csv,2025-10-29
24-082852,dv_final_enriched.csv,2025-10-29
24-083085,dv_final_enriched.csv,2025-10-29
24-083211,dv_final_enriched.csv,2025-10-29
24-083450,dv_final_enriched.csv,2025-10-29
24-083459,dv_final_enriched.csv,2025-10-29
24-083561,dv_final_enriched.csv,2025-10-29
24-083669,dv_final_enriched.csv,2025-10-29
24-084025,dv_final_enriched.csv,2025-10-29
24-084349,dv_final_enriched.csv,2025-10-29
24-084755,dv_final_enriched.csv,2025-10-29
24-084862,dv_final_enriched.csv,2025-10-29
24-085026,dv_final_enriched.csv,2025-10-29
24-085178,dv_final_enriched.csv,2025-10-29
24-086264,dv_final_enriched.csv,2025-10-29
24-086425,dv_final_enriched.csv,2025-10-29
24-086713,dv_final_enriched.csv,2025-10-29
24-087822,dv_final_enriched.csv,2025-10-29
24-088154,dv_final_enriched.csv,2025-10-29
24-088623,dv_final_enriched.csv,2025-10-29
24-089018,dv_final_enriched.csv,2025-10-29
24-089131,dv_final_enriched.csv,2025-10-29
24-089419,dv_final_enriched.csv,2025-10-29
24-089464,dv_final_enriched.csv,2025-10-29
24-089662,dv_final_enriched.csv,2025-10-29
24-090082,dv_final_enriched.csv,2025-10-29
24-090464,dv_final_enriched.csv,2025-10-29
24-090472,dv_final_enriched.csv,2025-10-29
24-090674,dv_final_enriched.csv,2025-10-29
24-091073,dv_final_enriched.csv,2025-10-29
24-091297,dv_final_enriched.csv,2025-10-29
24-091486,dv_final_enriched.csv,2025-10-29
24-091597,dv_final_enriched.csv,2025-10-29
24-091647,dv_final_enriched.csv,2025-10-29
24-091749,dv_final_enriched.csv,2025-10-29
24-091929,dv_final_enriched.csv,2025-10-29
24-092043,dv_final_enriched.csv,2025-10-29
24-092115,dv_final_enriched.csv,2025-10-29
24-092161,dv_final_enriched.csv,2025-10-29
24-092194,dv_final_enriched.csv,2025-10-29
24-092869,dv_final_enriched.csv,2025-10-29
24-092977,dv_final_enriched.csv,2025-10-29
24-093075,dv_final_enriched.csv,2025-10-29
24-093087,dv_final_enriched.csv,2025-10-29
24-093307,dv_final_enriched.csv,2025-10-29
24-093574,dv_final_enriched.csv,2025-10-29
24-093741,dv_final_enriched.csv,2025-10-29
24-093900,dv_final_enriched.csv,2025-10-29
24-093950,dv_final_enriched.csv,2025-10-29
24-094182,dv_final_enriched.csv,2025-10-29
24-094558,dv_final_enriched.csv,2025-10-29
24-094790,dv_final_enriched.csv,2025-10-29
24-095121,dv_final_enriched.csv,2025-10-29
24-095221,dv_final_enriched.csv,2025-10-29
24-095309,dv_final_enriched.csv,2025-10-29
24-095384,dv_final_enriched.csv,2025-10-29
24-095576,dv_final_enriched.csv,2025-10-29
24-095955,dv_final_enriched.csv,2025-10-29
24-096054,dv_final_enriched.csv,2025-10-29
24-096179,dv_final_enriched.csv,2025-10-29
24-096185,dv_final_enriched.csv,2025-10-29
24-096648,dv_final_enriched.csv,2025-10-29
24-096672,dv_final_enriched.csv,2025-10-29
24-096879,dv_final_enriched.csv,2025-10-29
24-096987,dv_final_enriched.csv,2025-10-29
24-097096,dv_final_enriched.csv,2025-10-29
24-097264,dv_final_enriched.csv,2025-10-29
24-098001,dv_final_enriched.csv,2025-10-29
24-098032,dv_final_enriched.csv,2025-10-29
24-098212,dv_final_enriched.csv,2025-10-29
24-098473,dv_final_enriched.csv,2025-10-29
24-098803,dv_final_enriched.csv,2025-10-29
24-099490,dv_final_enriched.csv,2025-10-29
24-099673,dv_final_enriched.csv,2025-10-29
24-100612,dv_final_enriched.csv,2025-10-29
24-100843,dv_final_enriched.csv,2025-10-29
24-101750,dv_final_enriched.csv,2025-10-29
24-101768,dv_final_enriched.csv,2025-10-29
24-101916,dv_final_enriched.csv,2025-10-29
24-101976,dv_final_enriched.csv,2025-10-29
24-102240,dv_final_enriched.csv,2025-10-29
24-102621,dv_final_enriched.csv,2025-10-29
24-102630,dv_final_enriched.csv,2025-10-29
24-102972,dv_final_enriched.csv,2025-10-29
24-103607,dv_final_enriched.csv,2025-10-29
24-103658,dv_final_enriched.csv,2025-10-29
24-103692,dv_final_enriched.csv,2025-10-29
24-103784,dv_final_enriched.csv,2025-10-29
24-104087,dv_final_enriched.csv,2025-10-29
24-104095,dv_final_enriched.csv,2025-10-29
24-104145,dv_final_enriched.csv,2025-10-29
24-104974,dv_final_enriched.csv,2025-10-29
24-105096,dv_final_enriched.csv,2025-10-29
24-105245,dv_final_enriched.csv,2025-10-29
24-105394,dv_final_enriched.csv,2025-10-29
24-105721,dv_final_enriched.csv,2025-10-29
24-105892,dv_final_enriched.csv,2025-10-29
24-106049,dv_final_enriched.csv,2025-10-29
24-106418,dv_final_enriched.csv,2025-10-29
24-106796,dv_final_enriched.csv,2025-10-29
24-107020,dv_final_enriched.csv,2025-10-29
24-107615,dv_final_enriched.csv,2025-10-29
24-107724,dv_final_enriched.csv,2025-10-29
24-108014,dv_final_enriched.csv,2025-10-29
24-108234,dv_final_enriched.csv,2025-10-29
24-108325,dv_final_enriched.csv,2025-10-29
24-108470,dv_final_enriched.csv,2025-10-29
24-108546,dv_final_enriched.csv,2025-10-29
24-108550,dv_final_enriched.csv,2025-10-29
24-108810,dv_final_enriched.csv,2025-10-29
24-108944,dv_final_enriched.csv,2025-10-29
24-109132,dv_final_enriched.csv,2025-10-29
24-109184,dv_final_enriched.csv,2025-10-29
24-109232,dv_final_enriched.csv,2025-10-29
24-109386,dv_final_enriched.csv,2025-10-29
24-109431,dv_final_enriched.csv,2025-10-29
24-109485,dv_final_enriched.csv,2025-10-29
24-109674,dv_final_enriched.csv,2025-10-29
24-109709,dv_final_enriched.csv,2025-10-29
24-109738,dv_final_enriched.csv,2025-10-29
24-109806,dv_final_enriched.csv,2025-10-29
24-109891,dv_final_enriched.csv,2025-10-29
24-109980,dv_final_enriched.csv,2025-10-29
24-110021,dv_final_enriched.csv,2025-10-29
24-110047,dv_final_enriched.csv,2025-10-29
25-000054,dv_final_enriched.csv,2025-10-29
25-000095,dv_final_enriched.csv,2025-10-29
25-000412,dv_final_enriched.csv,2025-10-29
25-001760,dv_final_enriched.csv,2025-10-29
25-001978,dv_final_enriched.csv,2025-10-29
25-002045,dv_final_enriched.csv,2025-10-29
25-002050,dv_final_enriched.csv,2025-10-29
25-002055,dv_final_enriched.csv,2025-10-29
25-002066,dv_final_enriched.csv,2025-10-29
25-002135,dv_final_enriched.csv,2025-10-29
25-002906,dv_final_enriched.csv,2025-10-29
25-003358,dv_final_enriched.csv,2025-10-29
25-003580,dv_final_enriched.csv,2025-10-29
25-003606,dv_final_enriched.csv,2025-10-29
25-003745,dv_final_enriched.csv,2025-10-29
25-003791,dv_final_enriched.csv,2025-10-29
25-004288,dv_final_enriched.csv,2025-10-29
25-004423,dv_final_enriched.csv,2025-10-29
25-004437,dv_final_enriched.csv,2025-10-29
25-004441,dv_final_enriched.csv,2025-10-29
25-004695,dv_final_enriched.csv,2025-10-29
25-004786,dv_final_enriched.csv,2025-10-29
25-004799,dv_final_enriched.csv,2025-10-29
25-005273,dv_final_enriched.csv,2025-10-29
25-005547,dv_final_enriched.csv,2025-10-29
25-005685,dv_final_enriched.csv,2025-10-29
25-005932,dv_final_enriched.csv,2025-10-29
25-006125,dv_final_enriched.csv,2025-10-29
25-006208,dv_final_enriched.csv,2025-10-29
25-006390,dv_final_enriched.csv,2025-10-29
25-006405,dv_final_enriched.csv,2025-10-29
25-007187,dv_final_enriched.csv,2025-10-29
25-007221,dv_final_enriched.csv,2025-10-29
25-007384,dv_final_enriched.csv,2025-10-29
25-007696,dv_final_enriched.csv,2025-10-29
25-007799,dv_final_enriched.csv,2025-10-29
25-007887,dv_final_enriched.csv,2025-10-29
25-008107,dv_final_enriched.csv,2025-10-29
25-008120,dv_final_enriched.csv,2025-10-29
25-008502,dv_final_enriched.csv,2025-10-29
25-008650,dv_final_enriched.csv,2025-10-29
25-009075,dv_final_enriched.csv,2025-10-29
25-009138,dv_final_enriched.csv,2025-10-29
25-009236,dv_final_enriched.csv,2025-10-29
25-009355,dv_final_enriched.csv,2025-10-29
25-009614,dv_final_enriched.csv,2025-10-29
25-009706,dv_final_enriched.csv,2025-10-29
25-010292,dv_final_enriched.csv,2025-10-29
25-010708,dv_final_enriched.csv,2025-10-29
25-010758,dv_final_enriched.csv,2025-10-29
25-010763,dv_final_enriched.csv,2025-10-29
25-011168,dv_final_enriched.csv,2025-10-29
25-012110,dv_final_enriched.csv,2025-10-29
25-012413,dv_final_enriched.csv,2025-10-29
25-012697,dv_final_enriched.csv,2025-10-29
25-012825,dv_final_enriched.csv,2025-10-29
25-013419,dv_final_enriched.csv,2025-10-29
25-013852,dv_final_enriched.csv,2025-10-29
25-014481,dv_final_enriched.csv,2025-10-29
25-015212,dv_final_enriched.csv,2025-10-29
25-015430,dv_final_enriched.csv,2025-10-29
25-015474,dv_final_enriched.csv,2025-10-29
25-016089,dv_final_enriched.csv,2025-10-29
25-016781,dv_final_enriched.csv,2025-10-29
25-016885,dv_final_enriched.csv,2025-10-29
25-017580,dv_final_enriched.csv,2025-10-29
25-017592,dv_final_enriched.csv,2025-10-29
25-017593,dv_final_enriched.csv,2025-10-29
25-017741,dv_final_enriched.csv,2025-10-29
25-017842,dv_final_enriched.csv,2025-10-29
25-017871,dv_final_enriched.csv,2025-10-29
25-018277,dv_final_enriched.csv,2025-10-29
25-019021,dv_final_enriched.csv,2025-10-29
25-019047,dv_final_enriched.csv,2025-10-29
25-019150,dv_final_enriched.csv,2025-10-29
25-019434,dv_final_enriched.csv,2025-10-29
25-019481,dv_final_enriched.csv,2025-10-29
25-020251,dv_final_enriched.csv,2025-10-29
25-020299,dv_final_enriched.csv,2025-10-29
25-020514,dv_final_enriched.csv,2025-10-29
25-020795,dv_final_enriched.csv,2025-10-29
25-020882,dv_final_enriched.csv,2025-10-29
25-021012,dv_final_enriched.csv,2025-10-29
25-021086,dv_final_enriched.csv,2025-10-29
25-021358,dv_final_enriched.csv,2025-10-29
25-021505,dv_final_enriched.csv,2025-10-29
25-021753,dv_final_enriched.csv,2025-10-29
25-022288,dv_final_enriched.csv,2025-10-29
25-022369,dv_final_enriched.csv,2025-10-29
25-022548,dv_final_enriched.csv,2025-10-29
25-023863,dv_final_enriched.csv,2025-10-29
25-023877,dv_final_enriched.csv,2025-10-29
25-023992,dv_final_enriched.csv,2025-10-29
25-024185,dv_final_enriched.csv,2025-10-29
25-024626,dv_final_enriched.csv,2025-10-29
25-024732,dv_final_enriched.csv,2025-10-29
25-024992,dv_final_enriched.csv,2025-10-29
25-025227,dv_final_enriched.csv,2025-10-29
25-025383,dv_final_enriched.csv,2025-10-29
25-025461,dv_final_enriched.csv,2025-10-29
25-025473,dv_final_enriched.csv,2025-10-29
25-025590,dv_final_enriched.csv,2025-10-29
25-026284,dv_final_enriched.csv,2025-10-29
25-026353,dv_final_enriched.csv,2025-10-29
25-026421,dv_final_enriched.csv,2025-10-29
25-026517,dv_final_enriched.csv,2025-10-29
25-027186,dv_final_enriched.csv,2025-10-29
25-027377,dv_final_enriched.csv,2025-10-29
25-027386,dv_final_enriched.csv,2025-10-29
25-028521,dv_final_enriched.csv,2025-10-29
25-028690,dv_final_enriched.csv,2025-10-29
25-029372,dv_final_enriched.csv,2025-10-29
25-029390,dv_final_enriched.csv,2025-10-29
25-029530,dv_final_enriched.csv,2025-10-29
25-029985,dv_final_enriched.csv,2025-10-29
25-030220,dv_final_enriched.csv,2025-10-29
25-030241,dv_final_enriched.csv,2025-10-29
25-030530,dv_final_enriched.csv,2025-10-29
25-030674,dv_final_enriched.csv,2025-10-29
25-030857,dv_final_enriched.csv,2025-10-29
25-031196,dv_final_enriched.csv,2025-10-29
25-031310,dv_final_enriched.csv,2025-10-29
25-031346,dv_final_enriched.csv,2025-10-29
25-031392,dv_final_enriched.csv,2025-10-29
25-031743,dv_final_enriched.csv,2025-10-29
25-032381,dv_final_enriched.csv,2025-10-29
25-033200,dv_final_enriched.csv,2025-10-29
25-033321,dv_final_enriched.csv,2025-10-29
25-033484,dv_final_enriched.csv,2025-10-29
25-033831,dv_final_enriched.csv,2025-10-29
25-034080,dv_final_enriched.csv,2025-10-29
25-034277,dv_final_enriched.csv,2025-10-29
25-034380,dv_final_enriched.csv,2025-10-29
25-034719,dv_final_enriched.csv,2025-10-29
25-034981,dv_final_enriched.csv,2025-10-29
25-035244,dv_final_enriched.csv,2025-10-29
25-035283,dv_final_enriched.csv,2025-10-29
25-035898,dv_final_enriched.csv,2025-10-29
25-035999,dv_final_enriched.csv,2025-10-29
25-036023,dv_final_enriched.csv,2025-10-29
25-036117,dv_final_enriched.csv,2025-10-29
25-036181,dv_final_enriched.csv,2025-10-29
25-036298,dv_final_enriched.csv,2025-10-29
25-036388,dv_final_enriched.csv,2025-10-29
25-036992,dv_final_enriched.csv,2025-10-29
25-037090,dv_final_enriched.csv,2025-10-29
25-037180,dv_final_enriched.csv,2025-10-29
25-037225,dv_final_enriched.csv,2025-10-29
25-037248,dv_final_enriched.csv,2025-10-29
25-037596,dv_final_enriched.csv,2025-10-29
25-037602,dv_final_enriched.csv,2025-10-29
25-038045,dv_final_enriched.csv,2025-10-29
25-038062,dv_final_enriched.csv,2025-10-29
25-038066,dv_final_enriched.csv,2025-10-29
25-038142,dv_final_enriched.csv,2025-10-29
25-038276,dv_final_enriched.csv,2025-10-29
25-038282,dv_final_enriched.csv,2025-10-29
25-038393,dv_final_enriched.csv,2025-10-29
25-038638,dv_final_enriched.csv,2025-10-29
25-038819,dv_final_enriched.csv,2025-10-29
25-038894,dv_final_enriched.csv,2025-10-29
25-038962,dv_final_enriched.csv,2025-10-29
25-039275,dv_final_enriched.csv,2025-10-29
25-039279,dv_final_enriched.csv,2025-10-29
25-039760,dv_final_enriched.csv,2025-10-29
25-039785,dv_final_enriched.csv,2025-10-29
25-039862,dv_final_enriched.csv,2025-10-29
25-040130,dv_final_enriched.csv,2025-10-29
25-040424,dv_final_enriched.csv,2025-10-29
25-040672,dv_final_enriched.csv,2025-10-29
25-040911,dv_final_enriched.csv,2025-10-29
25-040973,dv_final_enriched.csv,2025-10-29
25-041320,dv_final_enriched.csv,2025-10-29
25-041489,dv_final_enriched.csv,2025-10-29
25-041567,dv_final_enriched.csv,2025-10-29
25-041627,dv_final_enriched.csv,2025-10-29
25-041719,dv_final_enriched.csv,2025-10-29
25-041801,dv_final_enriched.csv,2025-10-29
25-041830,dv_final_enriched.csv,2025-10-29
25-042113,dv_final_enriched.csv,2025-10-29
25-042256,dv_final_enriched.csv,2025-10-29
25-042516,dv_final_enriched.csv,2025-10-29
25-042589,dv_final_enriched.csv,2025-10-29
25-043046,dv_final_enriched.csv,2025-10-29
25-043384,dv_final_enriched.csv,2025-10-29
25-043417,dv_final_enriched.csv,2025-10-29
25-043564,dv_final_enriched.csv,2025-10-29
25-043778,dv_final_enriched.csv,2025-10-29
25-043867,dv_final_enriched.csv,2025-10-29
25-044022,dv_final_enriched.csv,2025-10-29
25-044223,dv_final_enriched.csv,2025-10-29
25-044260,dv_final_enriched.csv,2025-10-29
25-044262,dv_final_enriched.csv,2025-10-29
25-044415,dv_final_enriched.csv,2025-10-29
25-044580,dv_final_enriched.csv,2025-10-29
25-044603,dv_final_enriched.csv,2025-10-29
25-044648,dv_final_enriched.csv,2025-10-29
25-044738,dv_final_enriched.csv,2025-10-29
25-044804,dv_final_enriched.csv,2025-10-29
25-045145,dv_final_enriched.csv,2025-10-29
25-045241,dv_final_enriched.csv,2025-10-29
25-045689,dv_final_enriched.csv,2025-10-29
25-045801,dv_final_enriched.csv,2025-10-29
25-046075,dv_final_enriched.csv,2025-10-29
25-046800,dv_final_enriched.csv,2025-10-29
25-046805,dv_final_enriched.csv,2025-10-29
25-046954,dv_final_enriched.csv,2025-10-29
25-046974,dv_final_enriched.csv,2025-10-29
25-047117,dv_final_enriched.csv,2025-10-29
25-047158,dv_final_enriched.csv,2025-10-29
25-047179,dv_final_enriched.csv,2025-10-29
25-047186,dv_final_enriched.csv,2025-10-29
25-047196,dv_final_enriched.csv,2025-10-29
25-047516,dv_final_enriched.csv,2025-10-29
25-047631,dv_final_enriched.csv,2025-10-29
25-047653,dv_final_enriched.csv,2025-10-29
25-048343,dv_final_enriched.csv,2025-10-29
25-048739,dv_final_enriched.csv,2025-10-29
25-049756,dv_final_enriched.csv,2025-10-29
25-050144,dv_final_enriched.csv,2025-10-29
25-050282,dv_final_enriched.csv,2025-10-29
25-050420,dv_final_enriched.csv,2025-10-29
25-051592,dv_final_enriched.csv,2025-10-29
25-051646,dv_final_enriched.csv,2025-10-29
25-051656,dv_final_enriched.csv,2025-10-29
25-051821,dv_final_enriched.csv,2025-10-29
25-051921,dv_final_enriched.csv,2025-10-29
25-052232,dv_final_enriched.csv,2025-10-29
25-052337,dv_final_enriched.csv,2025-10-29
25-052542,dv_final_enriched.csv,2025-10-29
25-052642,dv_final_enriched.csv,2025-10-29
25-052876,dv_final_enriched.csv,2025-10-29
25-053392,dv_final_enriched.csv,2025-10-29
25-053422,dv_final_enriched.csv,2025-10-29
25-053467,dv_final_enriched.csv,2025-10-29
25-053665,dv_final_enriched.csv,2025-10-29
25-053684,dv_final_enriched.csv,2025-10-29
25-054370,dv_final_enriched.csv,2025-10-29
25-054464,dv_final_enriched.csv,2025-10-29
25-054465,dv_final_enriched.csv,2025-10-29
25-054467,dv_final_enriched.csv,2025-10-29
25-054548,dv_final_enriched.csv,2025-10-29
25-054819,dv_final_enriched.csv,2025-10-29
25-055293,dv_final_enriched.csv,2025-10-29
25-056055,dv_final_enriched.csv,2025-10-29
25-056523,dv_final_enriched.csv,2025-10-29
25-056534,dv_final_enriched.csv,2025-10-29
25-056699,dv_final_enriched.csv,2025-10-29
25-056737,dv_final_enriched.csv,2025-10-29
25-056896,dv_final_enriched.csv,2025-10-29
25-057128,dv_final_enriched.csv,2025-10-29
25-057238,dv_final_enriched.csv,2025-10-29
25-057265,dv_final_enriched.csv,2025-10-29
25-057284,dv_final_enriched.csv,2025-10-29
25-057654,dv_final_enriched.csv,2025-10-29
25-057921,dv_final_enriched.csv,2025-10-29
25-058147,dv_final_enriched.csv,2025-10-29
25-058418,dv_final_enriched.csv,2025-10-29
25-058864,dv_final_enriched.csv,2025-10-29
25-059310,dv_final_enriched.csv,2025-10-29
25-059472,dv_final_enriched.csv,2025-10-29
25-059602,dv_final_enriched.csv,2025-10-29
25-059815,dv_final_enriched.csv,2025-10-29
25-059874,dv_final_enriched.csv,2025-10-29
25-059917,dv_final_enriched.csv,2025-10-29
25-060006,dv_final_enriched.csv,2025-10-29
25-060391,dv_final_enriched.csv,2025-10-29
25-060405,dv_final_enriched.csv,2025-10-29
25-060517,dv_final_enriched.csv,2025-10-29
25-061001,dv_final_enriched.csv,2025-10-29
25-061130,dv_final_enriched.csv,2025-10-29
25-061832,dv_final_enriched.csv,2025-10-29
25-062156,dv_final_enriched.csv,2025-10-29
25-062161,dv_final_enriched.csv,2025-10-29
25-062435,dv_final_enriched.csv,2025-10-29
25-062700,dv_final_enriched.csv,2025-10-29
25-063559,dv_final_enriched.csv,2025-10-29
25-063563,dv_final_enriched.csv,2025-10-29
25-064104,dv_final_enriched.csv,2025-10-29
25-064616,dv_final_enriched.csv,2025-10-29
25-064639,dv_final_enriched.csv,2025-10-29
25-064676,dv_final_enriched.csv,2025-10-29
25-064919,dv_final_enriched.csv,2025-10-29
25-065062,dv_final_enriched.csv,2025-10-29
25-065649,dv_final_enriched.csv,2025-10-29
25-066574,dv_final_enriched.csv,2025-10-29
25-066838,dv_final_enriched.csv,2025-10-29
25-067509,dv_final_enriched.csv,2025-10-29
25-067593,dv_final_enriched.csv,2025-10-29
25-067941,dv_final_enriched.csv,2025-10-29
25-067999,dv_final_enriched.csv,2025-10-29
25-068081,dv_final_enriched.csv,2025-10-29
25-068328,dv_final_enriched.csv,2025-10-29
25-068445,dv_final_enriched.csv,2025-10-29
25-068695,dv_final_enriched.csv,2025-10-29
25-068737,dv_final_enriched.csv,2025-10-29
25-069426,dv_final_enriched.csv,2025-10-29
25-069661,dv_final_enriched.csv,2025-10-29
25-069980,dv_final_enriched.csv,2025-10-29
25-070184,dv_final_enriched.csv,2025-10-29
25-070314,dv_final_enriched.csv,2025-10-29
25-070454,dv_final_enriched.csv,2025-10-29
25-070582,dv_final_enriched.csv,2025-10-29
25-070761,dv_final_enriched.csv,2025-10-29
25-070814,dv_final_enriched.csv,2025-10-29
25-071003,dv_final_enriched.csv,2025-10-29
25-071088,dv_final_enriched.csv,2025-10-29
25-071350,dv_final_enriched.csv,2025-10-29
25-071365,dv_final_enriched.csv,2025-10-29
25-071436,dv_final_enriched.csv,2025-10-29
25-072329,dv_final_enriched.csv,2025-10-29
25-072961,dv_final_enriched.csv,2025-10-29
25-073071,dv_final_enriched.csv,2025-10-29
25-073310,dv_final_enriched.csv,2025-10-29
25-073419,dv_final_enriched.csv,2025-10-29
25-073870,dv_final_enriched.csv,2025-10-29
25-074281,dv_final_enriched.csv,2025-10-29
25-074747,dv_final_enriched.csv,2025-10-29
25-074852,dv_final_enriched.csv,2025-10-29
25-074856,dv_final_enriched.csv,2025-10-29
25-075137,dv_final_enriched.csv,2025-10-29
25-075564,dv_final_enriched.csv,2025-10-29
25-075804,dv_final_enriched.csv,2025-10-29
25-075888,dv_final_enriched.csv,2025-10-29
25-076092,dv_final_enriched.csv,2025-10-29
25-076479,dv_final_enriched.csv,2025-10-29
25-076605,dv_final_enriched.csv,2025-10-29
25-076891,dv_final_enriched.csv,2025-10-29
25-077018,dv_final_enriched.csv,2025-10-29
25-079492,dv_final_enriched.csv,2025-10-29
25-079720,dv_final_enriched.csv,2025-10-29
25-079945,dv_final_enriched.csv,2025-10-29
25-079968,dv_final_enriched.csv,2025-10-29
25-080138,dv_final_enriched.csv,2025-10-29
25-080155,dv_final_enriched.csv,2025-10-29
25-080212,dv_final_enriched.csv,2025-10-29
25-080409,dv_final_enriched.csv,2025-10-29
25-080444,dv_final_enriched.csv,2025-10-29
25-080576,dv_final_enriched.csv,2025-10-29
25-080610,dv_final_enriched.csv,2025-10-29
25-081741,dv_final_enriched.csv,2025-10-29
25-081810,dv_final_enriched.csv,2025-10-29
25-082154,dv_final_enriched.csv,2025-10-29
25-082291,dv_final_enriched.csv,2025-10-29
25-082370,dv_final_enriched.csv,2025-10-29
25-082645,dv_final_enriched.csv,2025-10-29
25-082650,dv_final_enriched.csv,2025-10-29
25-082816,dv_final_enriched.csv,2025-10-29
25-082868,dv_final_enriched.csv,2025-10-29
25-082946,dv_final_enriched.csv,2025-10-29
25-083008,dv_final_enriched.csv,2025-10-29
25-083504,dv_final_enriched.csv,2025-10-29
25-083568,dv_final_enriched.csv,2025-10-29
25-084345,dv_final_enriched.csv,2025-10-29
25-084591,dv_final_enriched.csv,2025-10-29
25-084622,dv_final_enriched.csv,2025-10-29
25-084674,dv_final_enriched.csv,2025-10-29
25-086050,dv_final_enriched.csv,2025-10-29
25-086171,dv_final_enriched.csv,2025-10-29
25-086396,dv_final_enriched.csv,2025-10-29
25-087270,dv_final_enriched.csv,2025-10-29
25-088195,dv_final_enriched.csv,2025-10-29
25-088281,dv_final_enriched.csv,2025-10-29
25-088782,dv_final_enriched.csv,2025-10-29
25-088933,dv_final_enriched.csv,2025-10-29
25-089201,dv_final_enriched.csv,2025-10-29
25-089272,dv_final_enriched.csv,2025-10-29
25-089380,dv_final_enriched.csv,2025-10-29
25-089889,dv_final_enriched.csv,2025-10-29
25-090060,dv_final_enriched.csv,2025-10-29
25-090250,dv_final_enriched.csv,2025-10-29
25-090904,dv_final_enriched.csv,2025-10-29
25-091006,dv_final_enriched.csv,2025-10-29
25-091165,dv_final_enriched.csv,2025-10-29
25-091171,dv_final_enriched.csv,2025-10-29
25-091524,dv_final_enriched.csv,2025-10-29
25-091579,dv_final_enriched.csv,2025-10-29
25-091859,dv_final_enriched.csv,2025-10-29
25-091987,dv_final_enriched.csv,2025-10-29
25-092222,dv_final_enriched.csv,2025-10-29
25-092224,dv_final_enriched.csv,2025-10-29
25-092724,dv_final_enriched.csv,2025-10-29
25-092793,dv_final_enriched.csv,2025-10-29
25-093042,dv_final_enriched.csv,2025-10-29
25-093107,dv_final_enriched.csv,2025-10-29
25-093496,dv_final_enriched.csv,2025-10-29
25-093825,dv_final_enriched.csv,2025-10-29
25-094253,dv_final_enriched.csv,2025-10-29
25-094277,dv_final_enriched.csv,2025-10-29
25-094667,dv_final_enriched.csv,2025-10-29
25-094670,dv_final_enriched.csv,2025-10-29
25-095320,2025_10_29_to_2026_04_16_DV_roster.pdf,2026-04-16
25-095357,2025_10_29_to_2026_04_16_DV_roster.pdf,2026-04-16
25-095448,2025_10_29_to_2026_04_16_DV_roster.pdf,2026-04-16
25-095606,2025_10_29_to_2026_04_16_DV_roster.pdf,2026-04-16
25-095752,2025_10_29_to_2026_04_16_DV_roster.pdf,2026-04-16
25-095998,2025_10_29_to_2026_04_16_DV_roster.pdf,2026-04-16
25-096575,2025_10_29_to_2026_04_16_DV_roster.pdf,2026-04-16
25-096785,2025_10_29_to_2026_04_16_DV_roster.pdf,2026-04-16
25-096841,2025_10_29_to_2026_04_16_DV_roster.pdf,2026-04-16
25-097254,2025_10_29_to_2026_04_16_DV_roster.pdf,2026-04-16
25-097267,2025_10_29_to_2026_04_16_DV_roster.pdf,2026-04-16
25-098000,2025_10_29_to_2026_04_16_DV_roster.pdf,2026-04-16
25-099007,2025_10_29_to_2026_04_16_DV_roster.pdf,2026-04-16
25-099049,2025_10_29_to_2026_04_16_DV_roster.pdf,2026-04-16
25-099191,2025_10_29_to_2026_04_16_DV_roster.pdf,2026-04-16
25-099351,2025_10_29_to_2026_04_16_DV_roster.pdf,2026-04-16
25-099948,2025_10_29_to_2026_04_16_DV_roster.pdf,2026-04-16
25-099963,2025_10_29_to_2026_04_16_DV_roster.pdf,2026-04-16
25-099972,2025_10_29_to_2026_04_16_DV_roster.pdf,2026-04-16
25-100084,2025_10_29_to_2026_04_16_DV_roster.pdf,2026-04-16
25-100136,2025_10_29_to_2026_04_16_DV_roster.pdf,2026-04-16
25-100795,2025_10_29_to_2026_04_16_DV_roster.pdf,2026-04-16
25-101556,2025_10_29_to_2026_04_16_DV_roster.pdf,2026-04-16
25-101808,2025_10_29_to_2026_04_16_DV_roster.pdf,2026-04-16
25-102103,2025_10_29_to_2026_04_16_DV_roster.pdf,2026-04-16
25-102139,2025_10_29_to_2026_04_16_DV_roster.pdf,2026-04-16
25-102353,2025_10_29_to_2026_04_16_DV_roster.pdf,2026-04-16
25-102355,2025_10_29_to_2026_04_16_DV_roster.pdf,2026-04-16
25-102940,2025_10_29_to_2026_04_16_DV_roster.pdf,2026-04-16
25-103006,2025_10_29_to_2026_04_16_DV_roster.pdf,2026-04-16
25-103571,2025_10_29_to_2026_04_16_DV_roster.pdf,2026-04-16
25-104079,2025_10_29_to_2026_04_16_DV_roster.pdf,2026-04-16
25-104093,2025_10_29_to_2026_04_16_DV_roster.pdf,2026-04-16
25-104214,2025_10_29_to_2026_04_16_DV_roster.pdf,2026-04-16
25-104596,2025_10_29_to_2026_04_16_DV_roster.pdf,2026-04-16
25-105624,2025_10_29_to_2026_04_16_DV_roster.pdf,2026-04-16
25-106183,2025_10_29_to_2026_04_16_DV_roster.pdf,2026-04-16
25-106212,2025_10_29_to_2026_04_16_DV_roster.pdf,2026-04-16
25-106370,2025_10_29_to_2026_04_16_DV_roster.pdf,2026-04-16
25-106545,2025_10_29_to_2026_04_16_DV_roster.pdf,2026-04-16
25-106744,2025_10_29_to_2026_04_16_DV_roster.pdf,2026-04-16
25-106821,2025_10_29_to_2026_04_16_DV_roster.pdf,2026-04-16
25-106957,2025_10_29_to_2026_04_16_DV_roster.pdf,2026-04-16
25-107125,2025_10_29_to_2026_04_16_DV_roster.pdf,2026-04-16
25-107178,2025_10_29_to_2026_04_16_DV_roster.pdf,2026-04-16
25-107919,2025_10_29_to_2026_04_16_DV_roster.pdf,2026-04-16
25-107938,2025_10_29_to_2026_04_16_DV_roster.pdf,2026-04-16
25-108135,2025_10_29_to_2026_04_16_DV_roster.pdf,2026-04-16
25-108179,2025_10_29_to_2026_04_16_DV_roster.pdf,2026-04-16
25-108546,2025_10_29_to_2026_04_16_DV_roster.pdf,2026-04-16
25-108745,2025_10_29_to_2026_04_16_DV_roster.pdf,2026-04-16
25-108918,2025_10_29_to_2026_04_16_DV_roster.pdf,2026-04-16
25-109266,2025_10_29_to_2026_04_16_DV_roster.pdf,2026-04-16
25-109295,2025_10_29_to_2026_04_16_DV_roster.pdf,2026-04-16
25-109461,2025_10_29_to_2026_04_16_DV_roster.pdf,2026-04-16
25-109588,2025_10_29_to_2026_04_16_DV_roster.pdf,2026-04-16
25-110167,2025_10_29_to_2026_04_16_DV_roster.pdf,2026-04-16
25-110564,2025_10_29_to_2026_04_16_DV_roster.pdf,2026-04-16
25-110859,2025_10_29_to_2026_04_16_DV_roster.pdf,2026-04-16
25-111081,2025_10_29_to_2026_04_16_DV_roster.pdf,2026-04-16
25-112078,2025_10_29_to_2026_04_16_DV_roster.pdf,2026-04-16
25-112080,2025_10_29_to_2026_04_16_DV_roster.pdf,2026-04-16
25-112135,2025_10_29_to_2026_04_16_DV_roster.pdf,2026-04-16
25-112145,2025_10_29_to_2026_04_16_DV_roster.pdf,2026-04-16
25-112167,2025_10_29_to_2026_04_16_DV_roster.pdf,2026-04-16
25-112501,2025_10_29_to_2026_04_16_DV_roster.pdf,2026-04-16
25-112832,2025_10_29_to_2026_04_16_DV_roster.pdf,2026-04-16
25-112972,2025_10_29_to_2026_04_16_DV_roster.pdf,2026-04-16
25-113464,2025_10_29_to_2026_04_16_DV_roster.pdf,2026-04-16
26-000076,2025_10_29_to_2026_04_16_DV_roster.pdf,2026-04-16
26-000227,2025_10_29_to_2026_04_16_DV_roster.pdf,2026-04-16
26-000591,2025_10_29_to_2026_04_16_DV_roster.pdf,2026-04-16
26-000614,2025_10_29_to_2026_04_16_DV_roster.pdf,2026-04-16
26-001837,2025_10_29_to_2026_04_16_DV_roster.pdf,2026-04-16
26-002015,2025_10_29_to_2026_04_16_DV_roster.pdf,2026-04-16
26-002160,2025_10_29_to_2026_04_16_DV_roster.pdf,2026-04-16
26-003176,2025_10_29_to_2026_04_16_DV_roster.pdf,2026-04-16
26-003255,2025_10_29_to_2026_04_16_DV_roster.pdf,2026-04-16
26-003342,2025_10_29_to_2026_04_16_DV_roster.pdf,2026-04-16
26-003582,2025_10_29_to_2026_04_16_DV_roster.pdf,2026-04-16
26-003614,2025_10_29_to_2026_04_16_DV_roster.pdf,2026-04-16
26-003642,2025_10_29_to_2026_04_16_DV_roster.pdf,2026-04-16
26-004007,2025_10_29_to_2026_04_16_DV_roster.pdf,2026-04-16
26-004039,2025_10_29_to_2026_04_16_DV_roster.pdf,2026-04-16
26-004302,2025_10_29_to_2026_04_16_DV_roster.pdf,2026-04-16
26-004370,2025_10_29_to_2026_04_16_DV_roster.pdf,2026-04-16
26-004430,2025_10_29_to_2026_04_16_DV_roster.pdf,2026-04-16
26-004797,2025_10_29_to_2026_04_16_DV_roster.pdf,2026-04-16
26-005451,2025_10_29_to_2026_04_16_DV_roster.pdf,2026-04-16
26-005520,2025_10_29_to_2026_04_16_DV_roster.pdf,2026-04-16
26-005521,2025_10_29_to_2026_04_16_DV_roster.pdf,2026-04-16
26-005912,2025_10_29_to_2026_04_16_DV_roster.pdf,2026-04-16
26-006088,2025_10_29_to_2026_04_16_DV_roster.pdf,2026-04-16
26-006144,2025_10_29_to_2026_04_16_DV_roster.pdf,2026-04-16
26-006214,2025_10_29_to_2026_04_16_DV_roster.pdf,2026-04-16
26-006221,2025_10_29_to_2026_04_16_DV_roster.pdf,2026-04-16
26-006737,2025_10_29_to_2026_04_16_DV_roster.pdf,2026-04-16
26-006878,2025_10_29_to_2026_04_16_DV_roster.pdf,2026-04-16
26-007169,2025_10_29_to_2026_04_16_DV_roster.pdf,2026-04-16
26-007397,2025_10_29_to_2026_04_16_DV_roster.pdf,2026-04-16
26-007404,2025_10_29_to_2026_04_16_DV_roster.pdf,2026-04-16
26-007725,2025_10_29_to_2026_04_16_DV_roster.pdf,2026-04-16
26-008142,2025_10_29_to_2026_04_16_DV_roster.pdf,2026-04-16
26-008246,2025_10_29_to_2026_04_16_DV_roster.pdf,2026-04-16
26-008367,2025_10_29_to_2026_04_16_DV_roster.pdf,2026-04-16
26-008773,2025_10_29_to_2026_04_16_DV_roster.pdf,2026-04-16
26-008779,2025_10_29_to_2026_04_16_DV_roster.pdf,2026-04-16
26-008790,2025_10_29_to_2026_04_16_DV_roster.pdf,2026-04-16
26-008892,2025_10_29_to_2026_04_16_DV_roster.pdf,2026-04-16
26-009480,2025_10_29_to_2026_04_16_DV_roster.pdf,2026-04-16
26-009517,2025_10_29_to_2026_04_16_DV_roster.pdf,2026-04-16
26-010292,2025_10_29_to_2026_04_16_DV_roster.pdf,2026-04-16
26-010422,2025_10_29_to_2026_04_16_DV_roster.pdf,2026-04-16
26-010680,2025_10_29_to_2026_04_16_DV_roster.pdf,2026-04-16
26-011040,2025_10_29_to_2026_04_16_DV_roster.pdf,2026-04-16
26-011328,2025_10_29_to_2026_04_16_DV_roster.pdf,2026-04-16
26-011415,2025_10_29_to_2026_04_16_DV_roster.pdf,2026-04-16
26-011462,2025_10_29_to_2026_04_16_DV_roster.pdf,2026-04-16
26-011474,2025_10_29_to_2026_04_16_DV_roster.pdf,2026-04-16
26-011543,2025_10_29_to_2026_04_16_DV_roster.pdf,2026-04-16
26-011602,2025_10_29_to_2026_04_16_DV_roster.pdf,2026-04-16
26-012009,2025_10_29_to_2026_04_16_DV_roster.pdf,2026-04-16
26-012373,2025_10_29_to_2026_04_16_DV_roster.pdf,2026-04-16
26-012897,2025_10_29_to_2026_04_16_DV_roster.pdf,2026-04-16
26-012953,2025_10_29_to_2026_04_16_DV_roster.pdf,2026-04-16
26-014768,2025_10_29_to_2026_04_16_DV_roster.pdf,2026-04-16
26-014778,2025_10_29_to_2026_04_16_DV_roster.pdf,2026-04-16
26-015063,2025_10_29_to_2026_04_16_DV_roster.pdf,2026-04-16
26-015317,2025_10_29_to_2026_04_16_DV_roster.pdf,2026-04-16
26-015419,2025_10_29_to_2026_04_16_DV_roster.pdf,2026-04-16
26-015697,2025_10_29_to_2026_04_16_DV_roster.pdf,2026-04-16
26-015710,2025_10_29_to_2026_04_16_DV_roster.pdf,2026-04-16
26-015837,2025_10_29_to_2026_04_16_DV_roster.pdf,2026-04-16
26-016231,2025_10_29_to_2026_04_16_DV_roster.pdf,2026-04-16
26-016283,2025_10_29_to_2026_04_16_DV_roster.pdf,2026-04-16
26-016554,2025_10_29_to_2026_04_16_DV_roster.pdf,2026-04-16
26-016700,2025_10_29_to_2026_04_16_DV_roster.pdf,2026-04-16
26-016970,2025_10_29_to_2026_04_16_DV_roster.pdf,2026-04-16
26-017024,2025_10_29_to_2026_04_16_DV_roster.pdf,2026-04-16
26-017469,2025_10_29_to_2026_04_16_DV_roster.pdf,2026-04-16
26-017644,2025_10_29_to_2026_04_16_DV_roster.pdf,2026-04-16
26-017870,2025_10_29_to_2026_04_16_DV_roster.pdf,2026-04-16
26-018055,2025_10_29_to_2026_04_16_DV_roster.pdf,2026-04-16
26-018265,2025_10_29_to_2026_04_16_DV_roster.pdf,2026-04-16
26-018604,2025_10_29_to_2026_04_16_DV_roster.pdf,2026-04-16
26-018652,2025_10_29_to_2026_04_16_DV_roster.pdf,2026-04-16
26-018927,2025_10_29_to_2026_04_16_DV_roster.pdf,2026-04-16
26-018964,2025_10_29_to_2026_04_16_DV_roster.pdf,2026-04-16
26-019110,2025_10_29_to_2026_04_16_DV_roster.pdf,2026-04-16
26-019457,2025_10_29_to_2026_04_16_DV_roster.pdf,2026-04-16
26-019886,2025_10_29_to_2026_04_16_DV_roster.pdf,2026-04-16
26-019902,2025_10_29_to_2026_04_16_DV_roster.pdf,2026-04-16
26-019908,2025_10_29_to_2026_04_16_DV_roster.pdf,2026-04-16
26-020159,2025_10_29_to_2026_04_16_DV_roster.pdf,2026-04-16
26-020552,2025_10_29_to_2026_04_16_DV_roster.pdf,2026-04-16
26-020605,2025_10_29_to_2026_04_16_DV_roster.pdf,2026-04-16
26-020810,2025_10_29_to_2026_04_16_DV_roster.pdf,2026-04-16
26-021956,2025_10_29_to_2026_04_16_DV_roster.pdf,2026-04-16
26-022108,2025_10_29_to_2026_04_16_DV_roster.pdf,2026-04-16
26-022592,2025_10_29_to_2026_04_16_DV_roster.pdf,2026-04-16
26-022608,2025_10_29_to_2026_04_16_DV_roster.pdf,2026-04-16
26-023002,2025_10_29_to_2026_04_16_DV_roster.pdf,2026-04-16
26-023068,2025_10_29_to_2026_04_16_DV_roster.pdf,2026-04-16
26-023152,2025_10_29_to_2026_04_16_DV_roster.pdf,2026-04-16
26-024218,2025_10_29_to_2026_04_16_DV_roster.pdf,2026-04-16
26-024237,2025_10_29_to_2026_04_16_DV_roster.pdf,2026-04-16
26-024320,2025_10_29_to_2026_04_16_DV_roster.pdf,2026-04-16
26-024387,2025_10_29_to_2026_04_16_DV_roster.pdf,2026-04-16
26-024717,2025_10_29_to_2026_04_16_DV_roster.pdf,2026-04-16
26-024894,2025_10_29_to_2026_04_16_DV_roster.pdf,2026-04-16
26-024914,2025_10_29_to_2026_04_16_DV_roster.pdf,2026-04-16
26-024938,2025_10_29_to_2026_04_16_DV_roster.pdf,2026-04-16
26-025144,2025_10_29_to_2026_04_16_DV_roster.pdf,2026-04-16
26-025211,2025_10_29_to_2026_04_16_DV_roster.pdf,2026-04-16
26-025302,2025_10_29_to_2026_04_16_DV_roster.pdf,2026-04-16
26-025513,2025_10_29_to_2026_04_16_DV_roster.pdf,2026-04-16
26-025517,2025_10_29_to_2026_04_16_DV_roster.pdf,2026-04-16
26-025527,2025_10_29_to_2026_04_16_DV_roster.pdf,2026-04-16
26-026377,2025_10_29_to_2026_04_16_DV_roster.pdf,2026-04-16
26-026691,2025_10_29_to_2026_04_16_DV_roster.pdf,2026-04-16
26-026727,2025_10_29_to_2026_04_16_DV_roster.pdf,2026-04-16
26-026827,2025_10_29_to_2026_04_16_DV_roster.pdf,2026-04-16
26-027054,2025_10_29_to_2026_04_16_DV_roster.pdf,2026-04-16
26-027212,2025_10_29_to_2026_04_16_DV_roster.pdf,2026-04-16
26-027572,2025_10_29_to_2026_04_16_DV_roster.pdf,2026-04-16
26-028123,2025_10_29_to_2026_04_16_DV_roster.pdf,2026-04-16
26-028250,2025_10_29_to_2026_04_16_DV_roster.pdf,2026-04-16
26-028292,2025_10_29_to_2026_04_16_DV_roster.pdf,2026-04-16
26-028774,2025_10_29_to_2026_04_16_DV_roster.pdf,2026-04-16
26-028882,2025_10_29_to_2026_04_16_DV_roster.pdf,2026-04-16
26-029137,2025_10_29_to_2026_04_16_DV_roster.pdf,2026-04-16
26-029819,2025_10_29_to_2026_04_16_DV_roster.pdf,2026-04-16
26-029892,2025_10_29_to_2026_04_16_DV_roster.pdf,2026-04-16
26-030296,2025_10_29_to_2026_04_16_DV_roster.pdf,2026-04-16
26-030474,2025_10_29_to_2026_04_16_DV_roster.pdf,2026-04-16
26-030548,2025_10_29_to_2026_04_16_DV_roster.pdf,2026-04-16
26-030703,2025_10_29_to_2026_04_16_DV_roster.pdf,2026-04-16
26-030981,2025_10_29_to_2026_04_16_DV_roster.pdf,2026-04-16
26-031535,2025_10_29_to_2026_04_16_DV_roster.pdf,2026-04-16
26-031775,2025_10_29_to_2026_04_16_DV_roster.pdf,2026-04-16
26-031776,2025_10_29_to_2026_04_16_DV_roster.pdf,2026-04-16
26-031833,2025_10_29_to_2026_04_16_DV_roster.pdf,2026-04-16
26-031839,2025_10_29_to_2026_04_16_DV_roster.pdf,2026-04-16
26-032129,2025_10_29_to_2026_04_16_DV_roster.pdf,2026-04-16
26-032284,2025_10_29_to_2026_04_16_DV_roster.pdf,2026-04-16
26-032339,2025_10_29_to_2026_04_16_DV_roster.pdf,2026-04-16
26-032380,2025_10_29_to_2026_04_16_DV_roster.pdf,2026-04-16
26-032731,2025_10_29_to_2026_04_16_DV_roster.pdf,2026-04-16
26-033051,2025_10_29_to_2026_04_16_DV_roster.pdf,2026-04-16
26-033156,2025_10_29_to_2026_04_16_DV_roster.pdf,2026-04-16
26-033568,2025_10_29_to_2026_04_16_DV_roster.pdf,2026-04-16
26-033608,2025_10_29_to_2026_04_16_DV_roster.pdf,2026-04-16
26-033909,2025_10_29_to_2026_04_16_DV_roster.pdf,2026-04-16
26-033917,2025_10_29_to_2026_04_16_DV_roster.pdf,2026-04-16
